Accuracy,F1-Score,Precision,Recall,Model,Num_Features,Preprocessing,Fea_Selection,Dim_Reduction,Var_Threshold
0.852,0.845,0.877,0.816,"RandomForestClassifier(n_estimators=500, n_jobs=-1, random_state=27033074)",478,PowerTransformer(),,0,False
0.85,0.843,0.877,0.811,"RandomForestClassifier(n_estimators=500, n_jobs=-1, random_state=27033074)",400,PowerTransformer(),kb,0,False
0.852,0.845,0.877,0.816,"RandomForestClassifier(n_estimators=500, n_jobs=-1, random_state=27033074)",300,PowerTransformer(),kb,0,False
0.853,0.846,0.876,0.819,"RandomForestClassifier(n_estimators=500, n_jobs=-1, random_state=27033074)",200,PowerTransformer(),kb,0,False
0.856,0.849,0.881,0.819,"RandomForestClassifier(n_estimators=500, n_jobs=-1, random_state=27033074)",100,PowerTransformer(),kb,0,False
0.857,0.85,0.882,0.82,"RandomForestClassifier(n_estimators=500, n_jobs=-1, random_state=27033074)",50,PowerTransformer(),kb,0,False
0.837,0.828,0.871,0.788,"MLPClassifier(max_iter=10000, random_state=27033074)",478,MaxAbsScaler(),,0,True
0.835,0.826,0.862,0.793,"MLPClassifier(max_iter=10000, random_state=27033074)",400,MaxAbsScaler(),kb,0,True
0.842,0.833,0.875,0.795,"MLPClassifier(max_iter=10000, random_state=27033074)",300,MaxAbsScaler(),kb,0,True
0.845,0.838,0.867,0.812,"MLPClassifier(max_iter=10000, random_state=27033074)",200,MaxAbsScaler(),kb,0,True
0.844,0.831,0.901,0.771,"MLPClassifier(max_iter=10000, random_state=27033074)",100,MaxAbsScaler(),kb,0,True
0.847,0.839,0.877,0.804,"MLPClassifier(max_iter=10000, random_state=27033074)",50,MaxAbsScaler(),kb,0,True
0.853,0.848,0.871,0.825,"SVC(gamma='auto', random_state=27033074)",478,PowerTransformer(),,0,True
0.853,0.847,0.872,0.824,"SVC(gamma='auto', random_state=27033074)",400,PowerTransformer(),kb,0,True
0.855,0.849,0.875,0.824,"SVC(gamma='auto', random_state=27033074)",300,PowerTransformer(),kb,0,True
0.856,0.85,0.877,0.825,"SVC(gamma='auto', random_state=27033074)",200,PowerTransformer(),kb,0,True
0.853,0.847,0.873,0.823,"SVC(gamma='auto', random_state=27033074)",100,PowerTransformer(),kb,0,True
0.858,0.852,0.884,0.822,"SVC(gamma='auto', random_state=27033074)",50,PowerTransformer(),kb,0,True
0.703,0.672,0.742,0.614,"KNeighborsClassifier(n_jobs=-1, n_neighbors=10)",478,PowerTransformer(),,0,True
0.714,0.684,0.755,0.625,"KNeighborsClassifier(n_jobs=-1, n_neighbors=10)",400,PowerTransformer(),kb,0,True
0.746,0.718,0.798,0.653,"KNeighborsClassifier(n_jobs=-1, n_neighbors=10)",300,PowerTransformer(),kb,0,True
0.791,0.769,0.849,0.703,"KNeighborsClassifier(n_jobs=-1, n_neighbors=10)",200,PowerTransformer(),kb,0,True
0.818,0.801,0.87,0.743,"KNeighborsClassifier(n_jobs=-1, n_neighbors=10)",100,PowerTransformer(),kb,0,True
0.827,0.813,0.875,0.758,"KNeighborsClassifier(n_jobs=-1, n_neighbors=10)",50,PowerTransformer(),kb,0,True
0.834,0.818,0.896,0.753,"SGDClassifier(loss='huber', n_jobs=-1, random_state=27033074)",478,QuantileTransformer(random_state=27033074),,0,False
0.819,0.792,0.92,0.695,"SGDClassifier(loss='huber', n_jobs=-1, random_state=27033074)",400,QuantileTransformer(random_state=27033074),kb,0,False
0.84,0.824,0.909,0.753,"SGDClassifier(loss='huber', n_jobs=-1, random_state=27033074)",300,QuantileTransformer(random_state=27033074),kb,0,False
0.805,0.768,0.937,0.65,"SGDClassifier(loss='huber', n_jobs=-1, random_state=27033074)",200,QuantileTransformer(random_state=27033074),kb,0,False
0.819,0.792,0.92,0.696,"SGDClassifier(loss='huber', n_jobs=-1, random_state=27033074)",100,QuantileTransformer(random_state=27033074),kb,0,False
0.836,0.818,0.911,0.742,"SGDClassifier(loss='huber', n_jobs=-1, random_state=27033074)",50,QuantileTransformer(random_state=27033074),kb,0,False
0.842,0.839,0.85,0.827,"SGDClassifier(loss='log', n_jobs=-1, random_state=27033074)",478,PowerTransformer(),,0,False
0.841,0.837,0.846,0.829,"SGDClassifier(loss='log', n_jobs=-1, random_state=27033074)",400,PowerTransformer(),kb,0,False
0.845,0.842,0.85,0.834,"SGDClassifier(loss='log', n_jobs=-1, random_state=27033074)",300,PowerTransformer(),kb,0,False
0.842,0.837,0.857,0.817,"SGDClassifier(loss='log', n_jobs=-1, random_state=27033074)",200,PowerTransformer(),kb,0,False
0.843,0.839,0.853,0.825,"SGDClassifier(loss='log', n_jobs=-1, random_state=27033074)",100,PowerTransformer(),kb,0,False
0.85,0.847,0.853,0.841,"SGDClassifier(loss='log', n_jobs=-1, random_state=27033074)",50,PowerTransformer(),kb,0,False
0.833,0.826,0.852,0.802,"SGDClassifier(loss='perceptron', n_jobs=-1, random_state=27033074)",478,PowerTransformer(),,0,True
0.782,0.778,0.787,0.768,"SGDClassifier(loss='perceptron', n_jobs=-1, random_state=27033074)",400,PowerTransformer(),kb,0,True
0.722,0.724,0.713,0.735,"SGDClassifier(loss='perceptron', n_jobs=-1, random_state=27033074)",300,PowerTransformer(),kb,0,True
0.762,0.759,0.761,0.758,"SGDClassifier(loss='perceptron', n_jobs=-1, random_state=27033074)",200,PowerTransformer(),kb,0,True
0.786,0.781,0.79,0.772,"SGDClassifier(loss='perceptron', n_jobs=-1, random_state=27033074)",100,PowerTransformer(),kb,0,True
0.79,0.788,0.786,0.79,"SGDClassifier(loss='perceptron', n_jobs=-1, random_state=27033074)",50,PowerTransformer(),kb,0,True
0.843,0.83,0.899,0.77,"SGDClassifier(n_jobs=-1, random_state=27033074)",478,QuantileTransformer(random_state=27033074),,0,True
0.84,0.824,0.904,0.758,"SGDClassifier(n_jobs=-1, random_state=27033074)",400,QuantileTransformer(random_state=27033074),kb,0,True
0.817,0.833,0.761,0.921,"SGDClassifier(n_jobs=-1, random_state=27033074)",300,QuantileTransformer(random_state=27033074),kb,0,True
0.849,0.85,0.838,0.862,"SGDClassifier(n_jobs=-1, random_state=27033074)",200,QuantileTransformer(random_state=27033074),kb,0,True
0.841,0.845,0.819,0.872,"SGDClassifier(n_jobs=-1, random_state=27033074)",100,QuantileTransformer(random_state=27033074),kb,0,True
0.829,0.805,0.927,0.712,"SGDClassifier(n_jobs=-1, random_state=27033074)",50,QuantileTransformer(random_state=27033074),kb,0,True
0.793,0.79,0.793,0.787,DecisionTreeClassifier(random_state=27033074),478,MaxAbsScaler(),,0,False
0.794,0.791,0.796,0.785,DecisionTreeClassifier(random_state=27033074),400,MaxAbsScaler(),kb,0,False
0.787,0.785,0.785,0.786,DecisionTreeClassifier(random_state=27033074),300,MaxAbsScaler(),kb,0,False
0.788,0.785,0.786,0.784,DecisionTreeClassifier(random_state=27033074),200,MaxAbsScaler(),kb,0,False
0.788,0.784,0.79,0.779,DecisionTreeClassifier(random_state=27033074),100,MaxAbsScaler(),kb,0,False
0.793,0.79,0.791,0.789,DecisionTreeClassifier(random_state=27033074),50,MaxAbsScaler(),kb,0,False
0.851,0.846,0.867,0.825,"RidgeClassifierCV(alphas=array([ 0.1,  1. , 10. ]))",478,QuantileTransformer(random_state=27033074),,0,True
0.85,0.845,0.867,0.823,"RidgeClassifierCV(alphas=array([ 0.1,  1. , 10. ]))",400,QuantileTransformer(random_state=27033074),kb,0,True
0.851,0.846,0.869,0.823,"RidgeClassifierCV(alphas=array([ 0.1,  1. , 10. ]))",300,QuantileTransformer(random_state=27033074),kb,0,True
0.85,0.845,0.867,0.824,"RidgeClassifierCV(alphas=array([ 0.1,  1. , 10. ]))",200,QuantileTransformer(random_state=27033074),kb,0,True
0.849,0.843,0.866,0.822,"RidgeClassifierCV(alphas=array([ 0.1,  1. , 10. ]))",100,QuantileTransformer(random_state=27033074),kb,0,True
0.848,0.843,0.866,0.82,"RidgeClassifierCV(alphas=array([ 0.1,  1. , 10. ]))",50,QuantileTransformer(random_state=27033074),kb,0,True
