Accuracy,F1-Score,Precision,Recall,Model,Num_Features,Preprocessing,Fea_Selection,Dim_Reduction,Var_Threshold
0.852,0.845,0.877,0.816,"RandomForestClassifier(n_estimators=500, n_jobs=-1, random_state=27033074)",478,PowerTransformer(),,0,FALSE
0.837,0.828,0.871,0.788,"MLPClassifier(max_iter=10000, random_state=27033074)",478,MaxAbsScaler(),,0,TRUE
0.853,0.848,0.871,0.825,"SVC(gamma='auto', random_state=27033074)",478,PowerTransformer(),,0,TRUE
0.703,0.672,0.742,0.614,"KNeighborsClassifier(n_jobs=-1, n_neighbors=10)",478,PowerTransformer(),,0,TRUE
0.834,0.818,0.896,0.753,"SGDClassifier(loss='huber', n_jobs=-1, random_state=27033074)",478,QuantileTransformer(random_state=27033074),,0,FALSE
0.842,0.839,0.85,0.827,"SGDClassifier(loss='log', n_jobs=-1, random_state=27033074)",478,PowerTransformer(),,0,FALSE
0.833,0.826,0.852,0.802,"SGDClassifier(loss='perceptron', n_jobs=-1, random_state=27033074)",478,PowerTransformer(),,0,TRUE
0.843,0.83,0.899,0.77,"SGDClassifier(n_jobs=-1, random_state=27033074)",478,QuantileTransformer(random_state=27033074),,0,TRUE
0.793,0.79,0.793,0.787,DecisionTreeClassifier(random_state=27033074),478,MaxAbsScaler(),,0,FALSE
0.851,0.846,0.867,0.825,"RidgeClassifierCV(alphas=array([ 0.1,  1. , 10. ]))",478,QuantileTransformer(random_state=27033074),,0,TRUE
