Accuracy,F1-Score,Precision,Recall,Model,Num_Features,Preprocessing,Fea_Selection,Dim_Reduction,Var_Threshold
0.857,0.85,0.882,0.82,"RandomForestClassifier(n_estimators=500, n_jobs=-1, random_state=27033074)",50,PowerTransformer(),kb,0,FALSE
0.847,0.839,0.877,0.804,"MLPClassifier(max_iter=10000, random_state=27033074)",50,MaxAbsScaler(),kb,0,TRUE
0.858,0.852,0.884,0.822,"SVC(gamma='auto', random_state=27033074)",50,PowerTransformer(),kb,0,TRUE
0.827,0.813,0.875,0.758,"KNeighborsClassifier(n_jobs=-1, n_neighbors=10)",50,PowerTransformer(),kb,0,TRUE
0.836,0.818,0.911,0.742,"SGDClassifier(loss='huber', n_jobs=-1, random_state=27033074)",50,QuantileTransformer(random_state=27033074),kb,0,FALSE
0.85,0.847,0.853,0.841,"SGDClassifier(loss='log', n_jobs=-1, random_state=27033074)",50,PowerTransformer(),kb,0,FALSE
0.79,0.788,0.786,0.79,"SGDClassifier(loss='perceptron', n_jobs=-1, random_state=27033074)",50,PowerTransformer(),kb,0,TRUE
0.849,0.85,0.838,0.862,"SGDClassifier(n_jobs=-1, random_state=27033074)",200,QuantileTransformer(random_state=27033074),kb,0,TRUE
0.794,0.791,0.796,0.785,DecisionTreeClassifier(random_state=27033074),400,MaxAbsScaler(),kb,0,FALSE
0.851,0.846,0.869,0.823,"RidgeClassifierCV(alphas=array([ 0.1,  1. , 10. ]))",300,QuantileTransformer(random_state=27033074),kb,0,TRUE
