Accuracy,F1-Score,Precision,Recall,Model,Num_Features,Preprocessing,Fea_Selection,Dim_Reduction,Var_Threshold
0.801,0.783,0.851,0.724,"RandomForestClassifier(n_estimators=500, n_jobs=-1, random_state=27033074)",100,PowerTransformer(),,1,FALSE
0.812,0.808,0.819,0.797,"MLPClassifier(max_iter=10000, random_state=27033074)",200,MaxAbsScaler(),,1,TRUE
0.852,0.847,0.871,0.824,"SVC(gamma='auto', random_state=27033074)",400,PowerTransformer(),,1,TRUE
0.707,0.677,0.746,0.619,"KNeighborsClassifier(n_jobs=-1, n_neighbors=10)",100,PowerTransformer(),,1,TRUE
0.839,0.828,0.875,0.786,"SGDClassifier(loss='huber', n_jobs=-1, random_state=27033074)",200,QuantileTransformer(random_state=27033074),,1,FALSE
0.84,0.838,0.843,0.832,"SGDClassifier(loss='log', n_jobs=-1, random_state=27033074)",200,PowerTransformer(),,1,FALSE
0.826,0.823,0.832,0.813,"SGDClassifier(loss='perceptron', n_jobs=-1, random_state=27033074)",400,PowerTransformer(),,1,TRUE
0.849,0.846,0.856,0.836,"SGDClassifier(n_jobs=-1, random_state=27033074)",300,QuantileTransformer(random_state=27033074),,1,TRUE
0.584,0.581,0.58,0.583,DecisionTreeClassifier(random_state=27033074),200,MaxAbsScaler(),,1,FALSE
0.851,0.846,0.868,0.824,"RidgeClassifierCV(alphas=array([ 0.1,  1. , 10. ]))",300,QuantileTransformer(random_state=27033074),,1,TRUE
